word,score
waste,8
watch,8
grown,7
homer,7
musty,7
patch,7
poker,7
pushy,7
shave,7
swore,7
taste,7
taunt,7
waver,7
witch,7
awake,6
frown,6
gofer,6
graze,6
gushy,6
handy,6
hilly,6
hooey,6
jaunt,6
joker,6
jolly,6
lusty,6
match,6
might,6
mover,6
noose,6
nudge,6
paste,6
pitch,6
power,6
prank,6
privy,6
prize,6
shame,6
souse,6
stare,6
store,6
swarm,6
swell,6
upper,6
vouch,6
wager,6
winch,6
witty,6
women,6
woozy,6
wound,6
wreak,6
wrote,6
yummy,6
agave,5
aloud,5
amber,5
ankle,5
apace,5
awoke,5
balmy,5
biker,5
blaze,5
booty,5
boxer,5
brave,5
bravo,5
brine,5
briny,5
buddy,5
buggy,5
bully,5
canoe,5
chary,5
chill,5
chive,5
climb,5
clunk,5
covey,5
craze,5
crazy,5
creep,5
crick,5
curvy,5
cushy,5
dance,5
dandy,5
diode,5
dizzy,5
drape,5
drawl,5
drown,5
eager,5
eider,5
elder,5
envoy,5
exact,5
expel,5
filly,5
flaky,5
flame,5
flask,5
flock,5
foggy,5
foyer,5
frame,5
frank,5
fraud,5
freak,5
frond,5
froze,5
funny,5
gaudy,5
gawky,5
giddy,5
glean,5
gloat,5
golly,5
gooey,5
grain,5
grave,5
grill,5
grime,5
grimy,5
groom,5
gusty,5
happy,5
harry,5
haste,5
haunt,5
hazel,5
hence,5
hitch,5
honey,5
horde,5
hyena,5
jazzy,5
jiffy,5
judge,5
jumbo,5
jumpy,5
kaput,5
kitty,5
knelt,5
kooky,5
kudzu,5
lanky,5
lapel,5
latch,5
leery,5
level,5
lever,5
lifer,5
light,5
linen,5
lingo,5
loner,5
lover,5
lower,5
lowly,5
magma,5
major,5
maker,5
manly,5
marry,5
maven,5
means,5
mercy,5
merry,5
metal,5
middy,5
milky,5
miner,5
mirth,5
mixer,5
modem,5
moist,5
momma,5
moose,5
moped,5
mouse,5
mummy,5
murky,5
naked,5
nanny,5
navel,5
niter,5
occur,5
opine,5
paddy,5
papal,5
papaw,5
patty,5
perky,5
peter,5
pinch,5
pixie,5
plane,5
plank,5
plush,5
posse,5
pound,5
prate,5
prawn,5
prime,5
prior,5
prove,5
proxy,5
pudgy,5
pulpy,5
punch,5
puppy,5
purse,5
pussy,5
pylon,5
quart,5
quell,5
ratty,5
raven,5
rearm,5
recur,5
reedy,5
reply,5
revel,5
roomy,5
ruler,5
rummy,5
savvy,5
scaly,5
scary,5
scoop,5
shake,5
shaky,5
skimp,5
slide,5
small,5
smock,5
smoke,5
snarl,5
snore,5
spade,5
spare,5
spell,5
spite,5
spoof,5
spook,5
spout,5
spunk,5
squaw,5
staff,5
state,5
stave,5
steam,5
stool,5
story,5
stout,5
stove,5
stump,5
stunt,5
suave,5
suite,5
swank,5
swear,5
swill,5
swing,5
table,5
tacit,5
tarry,5
tasty,5
teach,5
toast,5
toddy,5
topaz,5
touch,5
tough,5
trawl,5
tried,5
trite,5
troth,5
truth,5
tummy,5
tying,5
ulcer,5
urine,5
valve,5
vapor,5
venal,5
vetch,5
vocal,5
voice,5
vowel,5
vulva,5
vying,5
wafer,5
waken,5
waxen,5
where,5
whose,5
wimpy,5
woken,5
worry,5
worse,5
woven,5
wrist,5
yearn,5
yeast,5
yield,5
yodel,5
yokel,5
zilch,5
above,4
acute,4
adage,4
addle,4
adman,4
adobe,4
adopt,4
adorn,4
affix,4
after,4
agate,4
ahead,4
album,4
alley,4
alloy,4
along,4
alpha,4
amaze,4
amble,4
among,4
amuck,4
angry,4
anode,4
anvil,4
aorta,4
apple,4
apply,4
argot,4
armor,4
asset,4
atone,4
attar,4
attic,4
auger,4
aught,4
aural,4
avail,4
avoid,4
award,4
axiom,4
azure,4
babel,4
baggy,4
baker,4
balky,4
banal,4
bandy,4
basis,4
bawdy,4
beard,4
beaux,4
bebop,4
beefy,4
begun,4
beige,4
belch,4
below,4
bench,4
berth,4
beryl,4
bevel,4
bible,4
bight,4
bigot,4
billy,4
birth,4
bison,4
black,4
blame,4
blank,4
bleak,4
bleep,4
blend,4
blink,4
blitz,4
blood,4
blown,4
bluff,4
blunt,4
blurt,4
bogey,4
boggy,4
bogus,4
bongo,4
booby,4
booze,4
borne,4
bosom,4
bosun,4
botch,4
bound,4
bowel,4
bower,4
brake,4
brand,4
brawl,4
bribe,4
brick,4
brink,4
broke,4
brood,4
brook,4
broom,4
build,4
bulge,4
bulky,4
bumpy,4
bunny,4
burly,4
burro,4
bushy,4
butch,4
butte,4
buxom,4
bylaw,4
byway,4
cabal,4
cache,4
calyx,4
cameo,4
campy,4
canal,4
canny,4
caret,4
carry,4
caste,4
cater,4
caulk,4
cello,4
chafe,4
chaff,4
chalk,4
champ,4
chaps,4
chart,4
chase,4
cheat,4
check,4
cheep,4
cheer,4
chewy,4
chili,4
chime,4
chimp,4
chino,4
choke,4
cider,4
cilia,4
clack,4
clank,4
clasp,4
clear,4
cleat,4
clerk,4
cliff,4
clime,4
cloak,4
clock,4
clone,4
close,4
clout,4
clung,4
coast,4
cocoa,4
codex,4
color,4
comfy,4
comic,4
comma,4
conch,4
condo,4
copra,4
copse,4
could,4
coupe,4
court,4
coven,4
covet,4
cower,4
crack,4
craft,4
cramp,4
crave,4
crawl,4
creak,4
cream,4
creel,4
crier,4
crime,4
croak,4
crone,4
crony,4
crook,4
croon,4
crowd,4
crown,4
cruet,4
crypt,4
cubic,4
curio,4
curry,4
cycle,4
daddy,4
daffy,4
dally,4
datum,4
debar,4
debug,4
debut,4
decay,4
decoy,4
decry,4
delta,4
demur,4
depot,4
depth,4
derby,4
devil,4
dicta,4
dingo,4
dingy,4
dirty,4
ditch,4
ditto,4
ditty,4
divot,4
divvy,4
doggy,4
dogma,4
doily,4
dopey,4
dough,4
dowdy,4
downy,4
draft,4
drain,4
drake,4
drama,4
drank,4
drawn,4
dread,4
drill,4
drink,4
drive,4
droll,4
drool,4
drove,4
dryad,4
dumpy,4
dunce,4
dusky,4
dwarf,4
dwelt,4
dying,4
earth,4
eaten,4
eaves,4
ebony,4
edema,4
edify,4
eject,4
elate,4
elbow,4
elect,4
elegy,4
elite,4
embed,4
ember,4
emend,4
emote,4
empty,4
enact,4
endow,4
enema,4
enemy,4
enjoy,4
ennui,4
epoxy,4
equip,4
erupt,4
evade,4
event,4
every,4
evict,4
evoke,4
excel,4
exert,4
exile,4
exude,4
exult,4
fable,4
fanny,4
farce,4
fatal,4
fated,4
fatty,4
fauna,4
favor,4
femur,4
fence,4
feral,4
ferry,4
fetal,4
fetus,4
fever,4
fiber,4
fiche,4
fiend,4
fifth,4
fight,4
filet,4
filmy,4
filth,4
final,4
finch,4
fishy,4
fjord,4
flail,4
flair,4
flake,4
flank,4
flash,4
fleck,4
flint,4
float,4
flood,4
floor,4
flora,4
flour,4
flout,4
flown,4
fluff,4
fluid,4
fluky,4
flung,4
flush,4
flute,4
flyby,4
foamy,4
folly,4
foray,4
force,4
forty,4
forum,4
found,4
fount,4
frail,4
franc,4
fresh,4
fried,4
frizz,4
frock,4
froth,4
frump,4
fudge,4
fugue,4
fully,4
fungi,4
funky,4
furry,4
fusty,4
fuzzy,4
gabby,4
gaffe,4
gaily,4
gamin,4
gamma,4
gamut,4
gaunt,4
gauze,4
gauzy,4
gavel,4
geese,4
genre,4
gimpy,4
girth,4
gismo,4
gland,4
glass,4
glaze,4
gleam,4
globe,4
gloom,4
gloss,4
glove,4
gluey,4
gnome,4
godly,4
going,4
goner,4
goods,4
goofy,4
gorge,4
gouge,4
gourd,4
gouty,4
grace,4
grape,4
grasp,4
grass,4
gravy,4
greed,4
greet,4
grief,4
grind,4
grist,4
grope,4
gross,4
group,4
grove,4
growl,4
gruel,4
gruff,4
grunt,4
guava,4
guess,4
guide,4
guile,4
guilt,4
gully,4
gumbo,4
gummy,4
guppy,4
habit,4
haiku,4
hairy,4
halve,4
hardy,4
harem,4
hatch,4
haven,4
heady,4
heart,4
heavy,4
helix,4
henna,4
hertz,4
hinge,4
hippo,4
hoard,4
hoary,4
hobby,4
hogan,4
hokum,4
homey,4
hooky,4
horse,4
hover,4
howdy,4
human,4
humid,4
humus,4
hunch,4
husky,4
hutch,4
hydra,4
hyper,4
idiot,4
idyll,4
igloo,4
imbue,4
inner,4
islet,4
itchy,4
jaded,4
jeans,4
jelly,4
jerky,4
jetty,4
jewel,4
jihad,4
jimmy,4
joist,4
juice,4
juicy,4
julep,4
juror,4
kabob,4
kapok,4
karat,4
karma,4
kayak,4
kebab,4
ketch,4
kinky,4
klutz,4
knave,4
kneel,4
knell,4
knife,4
knoll,4
known,4
koala,4
kudos,4
label,4
lager,4
lance,4
latex,4
lathe,4
laugh,4
layer,4
leaky,4
least,4
leave,4
ledge,4
leech,4
lefty,4
legal,4
leggy,4
legit,4
lemon,4
lemur,4
leper,4
levee,4
licit,4
liege,4
liken,4
lilac,4
limbo,4
limit,4
liner,4
liter,4
liven,4
liver,4
livid,4
llama,4
llano,4
lobby,4
local,4
locus,4
lofty,4
logic,4
loony,4
loose,4
lotus,4
louse,4
loyal,4
lucid,4
lucre,4
lunge,4
lupus,4
lyric,4
madam,4
magic,4
mange,4
mango,4
mangy,4
mania,4
manic,4
manor,4
manse,4
maple,4
mason,4
matte,4
mauve,4
maxim,4
maybe,4
mayor,4
mealy,4
meant,4
meaty,4
melee,4
melon,4
merit,4
meter,4
midge,4
milch,4
mimic,4
minus,4
mixed,4
mocha,4
modal,4
model,4
money,4
moody,4
moron,4
mossy,4
motto,4
mount,4
mourn,4
mousy,4
movie,4
mucus,4
mufti,4
muggy,4
mumps,4
music,4
musky,4
mussy,4
natal,4
neath,4
needy,4
neigh,4
nervy,4
newly,4
nexus,4
niece,4
nifty,4
night,4
ninny,4
ninth,4
nippy,4
nonce,4
novel,4
noway,4
nurse,4
nutty,4
nylon,4
oaken,4
oakum,4
oases,4
oasis,4
obese,4
ocean,4
ocher,4
odium,4
offal,4
offer,4
often,4
oldie,4
olive,4
omega,4
onion,4
opium,4
orate,4
order,4
otter,4
ought,4
ounce,4
outdo,4
outer,4
ovary,4
ovule,4
owing,4
owner,4
oxbow,4
oxide,4
ozone,4
padre,4
paean,4
pagan,4
palmy,4
palsy,4
panda,4
panel,4
pants,4
paper,4
parch,4
parka,4
parry,4
pasta,4
pasty,4
patsy,4
pause,4
payee,4
peace,4
peach,4
pedal,4
penal,4
pence,4
penny,4
peony,4
peppy,4
perch,4
pesky,4
petty,4
phlox,4
phony,4
photo,4
picky,4
piggy,4
pilot,4
pinup,4
pique,4
pithy,4
pixel,4
place,4
plain,4
plant,4
plaza,4
pleat,4
pluck,4
plume,4
plump,4
plunk,4
poach,4
poesy,4
point,4
polar,4
polio,4
polka,4
polyp,4
pooch,4
poppy,4
porch,4
pouch,4
preen,4
press,4
pride,4
primp,4
prism,4
prone,4
proof,4
proud,4
prowl,4
pubic,4
puffy,4
pupae,4
pupal,4
pupil,4
puree,4
putty,4
quack,4
quaff,4
quake,4
qualm,4
quark,4
quash,4
queen,4
queer,4
query,4
quest,4
quiet,4
quill,4
quilt,4
quirk,4
quota,4
radio,4
radon,4
rajah,4
rangy,4
rapid,4
razor,4
react,4
ready,4
rebel,4
rebus,4
rebut,4
refer,4
rehab,4
relay,4
relic,4
remit,4
renal,4
repay,4
repel,4
rerun,4
retch,4
rheum,4
rifle,4
ripen,4
ritzy,4
rival,4
river,4
robot,4
rocky,4
rotor,4
rowdy,4
rugby,4
rumba,4
rupee,4
rural,4
salad,4
sally,4
salve,4
salvo,4
sappy,4
saucy,4
savor,4
scads,4
scalp,4
scarf,4
schwa,4
scoff,4
scold,4
scout,4
scuff,4
seize,4
senna,4
serum,4
serve,4
seven,4
sewer,4
shack,4
shade,4
shady,4
shale,4
shall,4
shark,4
shawl,4
sheaf,4
sheen,4
shoal,4
shock,4
shone,4
shook,4
shoot,4
shore,4
shout,4
shove,4
shrew,4
shrub,4
shrug,4
shuck,4
silly,4
since,4
sixty,4
skill,4
skulk,4
skull,4
skunk,4
slave,4
sleep,4
slice,4
slimy,4
sling,4
sloop,4
slope,4
sloth,4
slump,4
slunk,4
smack,4
smell,4
smelt,4
smile,4
smite,4
smith,4
smoky,4
snake,4
snaky,4
snare,4
sniff,4
snoop,4
snort,4
snout,4
soapy,4
soggy,4
sonar,4
soupy,4
space,4
spank,4
spate,4
spawn,4
speak,4
spear,4
specs,4
speed,4
spend,4
spent,4
spicy,4
spike,4
spiky,4
spill,4
spiny,4
spoke,4
spool,4
spoon,4
spume,4
squab,4
squad,4
squid,4
stack,4
stake,4
stall,4
stank,4
staph,4
stark,4
start,4
stash,4
steak,4
steep,4
steer,4
stein,4
stern,4
stiff,4
stile,4
stilt,4
stint,4
stoat,4
stock,4
stole,4
stomp,4
stood,4
storm,4
stray,4
strew,4
stuff,4
stunk,4
suede,4
sugar,4
sully,4
sumac,4
sunup,4
super,4
surly,4
swain,4
swamp,4
sward,4
swath,4
sweep,4
sweet,4
swept,4
swift,4
swine,4
swoon,4
swoop,4
sword,4
sworn,4
swung,4
tabby,4
taboo,4
tacky,4
taffy,4
taint,4
tally,4
talon,4
taper,4
tapir,4
tardy,4
tarot,4
tawny,4
tease,4
tempo,4
tempt,4
tenet,4
tenon,4
tense,4
tenth,4
tepee,4
tepid,4
testy,4
theft,4
theme,4
there,4
these,4
thick,4
thing,4
think,4
thong,4
those,4
three,4
throe,4
throw,4
thrum,4
thump,4
thyme,4
tiara,4
tibia,4
tiger,4
timer,4
times,4
tired,4
titan,4
tithe,4
title,4
tizzy,4
toady,4
today,4
token,4
tooth,4
torch,4
torte,4
total,4
totem,4
toxic,4
tract,4
trait,4
tramp,4
trash,4
trice,4
trill,4
troop,4
truce,4
trump,4
tryst,4
tubby,4
tulip,4
tulle,4
tumor,4
tutor,4
twang,4
tweed,4
tweet,4
twerp,4
twill,4
udder,4
ulnae,4
ultra,4
umber,4
umiak,4
unbar,4
uncle,4
uncut,4
undue,4
union,4
unite,4
unity,4
until,4
unzip,4
upset,4
usual,4
uteri,4
utter,4
uvula,4
vague,4
valet,4
valid,4
valor,4
value,4
vault,4
venom,4
venue,4
verge,4
verse,4
verve,4
viand,4
vicar,4
vigil,4
vigor,4
villa,4
vinyl,4
viola,4
viral,4
vireo,4
visor,4
vital,4
vivid,4
vixen,4
vodka,4
vogue,4
vomit,4
wacky,4
wader,4
wagon,4
waive,4
waltz,4
warty,4
weary,4
weave,4
wedge,4
weeds,4
weedy,4
weepy,4
wench,4
whack,4
wharf,4
wheat,4
whelp,4
which,4
whiff,4
whine,4
whiny,4
whisk,4
whole,4
whore,4
whorl,4
widen,4
widow,4
width,4
wield,4
wince,4
windy,4
wired,4
wispy,4
wives,4
woman,4
woody,4
world,4
wormy,4
worth,4
would,4
wrath,4
wring,4
wrong,4
xenon,4
yacht,4
yahoo,4
young,4
youth,4
yucca,4
zippy,4
zonal,4
aback,3
abaft,3
abate,3
abbey,3
abbot,3
abeam,3
abhor,3
abide,3
abode,3
about,3
abuse,3
abyss,3
acorn,3
actor,3
adapt,3
adder,3
adept,3
admit,3
adult,3
afoot,3
afoul,3
again,3
agape,3
agile,3
aglow,3
agony,3
agree,3
alarm,3
alert,3
alias,3
alibi,3
alien,3
alive,3
allay,3
allot,3
allow,3
aloha,3
alone,3
aloof,3
altar,3
alter,3
amass,3
amend,3
amigo,3
amity,3
amour,3
ample,3
amuse,3
angel,3
anger,3
angle,3
angst,3
annex,3
annoy,3
annul,3
antic,3
apart,3
aphid,3
apron,3
ardor,3
argon,3
armed,3
aroma,3
array,3
arrow,3
askew,3
aspen,3
assay,3
atlas,3
atoll,3
atria,3
audio,3
augur,3
avert,3
avian,3
await,3
aware,3
awash,3
awful,3
axial,3
bacon,3
badge,3
badly,3
bagel,3
balsa,3
bangs,3
banjo,3
banns,3
baron,3
basal,3
bases,3
basic,3
basil,3
basin,3
baste,3
batch,3
bated,3
bathe,3
batik,3
baton,3
batty,3
bayou,3
beach,3
beady,3
beech,3
befit,3
began,3
beget,3
begin,3
begot,3
being,3
belay,3
belie,3
belle,3
belly,3
beret,3
berry,3
beset,3
bilge,3
binge,3
bingo,3
biped,3
birch,3
bitch,3
blade,3
bland,3
blare,3
blase,3
blast,3
bleat,3
bleed,3
bless,3
blimp,3
blind,3
bliss,3
bloat,3
block,3
blond,3
bloom,3
blues,3
blurb,3
blush,3
board,3
boast,3
boner,3
bonus,3
boost,3
booth,3
borax,3
boron,3
bossy,3
bough,3
brace,3
bract,3
braid,3
brain,3
brass,3
brawn,3
bread,3
break,3
breed,3
bride,3
brief,3
brier,3
bring,3
broad,3
broil,3
broth,3
brown,3
bruin,3
brunt,3
brush,3
brute,3
budge,3
bugle,3
built,3
bulgy,3
bunch,3
burnt,3
buyer,3
cabby,3
cabin,3
cable,3
cacao,3
cacti,3
cadet,3
cadge,3
cadre,3
cagey,3
cairn,3
calve,3
camel,3
candy,3
canon,3
caper,3
capon,3
carat,3
cargo,3
carom,3
carve,3
catch,3
catty,3
cause,3
cavil,3
cease,3
cedar,3
chain,3
chair,3
chant,3
chaos,3
charm,3
chasm,3
cheap,3
cheek,3
chest,3
chick,3
chide,3
chief,3
child,3
china,3
chink,3
chirp,3
chock,3
choir,3
chomp,3
chops,3
chord,3
chore,3
chose,3
chuck,3
chump,3
chunk,3
churl,3
churn,3
chute,3
cigar,3
cinch,3
circa,3
civet,3
civic,3
civil,3
claim,3
clamp,3
clang,3
clash,3
class,3
clean,3
cleft,3
click,3
clink,3
clomp,3
cloth,3
cloud,3
clove,3
clown,3
cluck,3
clump,3
coach,3
cobra,3
cocky,3
colic,3
colon,3
combo,3
comet,3
conga,3
conic,3
coral,3
corny,3
corps,3
couch,3
cough,3
count,3
cover,3
crane,3
crank,3
crash,3
crass,3
credo,3
creek,3
crepe,3
crept,3
cress,3
cried,3
crimp,3
crisp,3
crock,3
cross,3
croup,3
crude,3
cruel,3
crumb,3
crush,3
cubit,3
cumin,3
curly,3
curse,3
curve,3
cynic,3
daily,3
dated,3
daunt,3
davit,3
dealt,3
death,3
debit,3
decaf,3
decor,3
defer,3
deice,3
deify,3
deign,3
deity,3
delay,3
delve,3
demon,3
denim,3
dense,3
deter,3
detox,3
deuce,3
diary,3
digit,3
diner,3
dinky,3
dirge,3
disco,3
divan,3
diver,3
dodge,3
dogie,3
doing,3
dolly,3
donor,3
doubt,3
dowel,3
dowry,3
dowse,3
dozen,3
dream,3
dress,3
dried,3
drift,3
drone,3
droop,3
dross,3
druid,3
drunk,3
dryer,3
ducal,3
ducat,3
duchy,3
dummy,3
dumps,3
dusty,3
dweeb,3
dwell,3
eagle,3
early,3
easel,3
edict,3
eerie,3
egret,3
eight,3
elfin,3
elope,3
elves,3
emcee,3
emery,3
ensue,3
enter,3
entry,3
epoch,3
equal,3
erect,3
erode,3
error,3
essay,3
ether,3
ethic,3
ethos,3
etude,3
exalt,3
exist,3
extol,3
extra,3
facet,3
fagot,3
fairy,3
faith,3
fakir,3
false,3
fancy,3
fault,3
feast,3
fecal,3
feces,3
feign,3
felon,3
fetch,3
fetid,3
field,3
fiery,3
fifty,3
filch,3
finis,3
firth,3
fixed,3
flare,3
fleet,3
flesh,3
flick,3
flier,3
fling,3
floss,3
fluke,3
flunk,3
focal,3
focus,3
foist,3
folio,3
forge,3
forgo,3
forte,3
forth,3
friar,3
frill,3
frisk,3
front,3
frost,3
fruit,3
fryer,3
furor,3
fussy,3
futon,3
gassy,3
gauge,3
genie,3
genus,3
getup,3
ghost,3
ghoul,3
giant,3
given,3
gizmo,3
glade,3
glare,3
glide,3
glint,3
glory,3
gnash,3
gonad,3
goody,3
goose,3
gorse,3
grade,3
graft,3
grand,3
graph,3
grate,3
great,3
grebe,3
green,3
gripe,3
groan,3
groin,3
guano,3
guard,3
guest,3
guild,3
guise,3
gulch,3
gusto,3
gutsy,3
hasty,3
havoc,3
heard,3
heath,3
heave,3
hedge,3
hefty,3
heist,3
hello,3
heron,3
hokey,3
holly,3
honor,3
hound,3
house,3
hovel,3
huffy,3
humor,3
hurry,3
hussy,3
hymen,3
icing,3
idiom,3
impel,3
imply,3
inane,3
incur,3
index,3
inept,3
inert,3
infer,3
ingot,3
inlay,3
inlet,3
input,3
inset,3
inter,3
inure,3
irony,3
issue,3
ivory,3
joint,3
joule,3
joust,3
junco,3
junta,3
kazoo,3
khaki,3
kiosk,3
knack,3
knead,3
knock,3
labor,3
laden,3
ladle,3
laity,3
larch,3
large,3
largo,3
larva,3
laser,3
lasso,3
leach,3
leafy,3
learn,3
lease,3
leash,3
letup,3
libel,3
links,3
lipid,3
lisle,3
lithe,3
lives,3
loamy,3
loath,3
lodge,3
lousy,3
lucky,3
lumpy,3
lunar,3
lunch,3
lurch,3
lurid,3
lying,3
lymph,3
lynch,3
macaw,3
macho,3
maize,3
manna,3
march,3
marsh,3
matzo,3
medal,3
media,3
medic,3
merge,3
messy,3
metro,3
midst,3
mince,3
minor,3
minty,3
misty,3
miter,3
mogul,3
molar,3
moldy,3
mommy,3
month,3
mooch,3
moral,3
mores,3
mosey,3
motel,3
motif,3
motor,3
mound,3
mouth,3
mucky,3
muddy,3
munch,3
mural,3
mushy,3
myrrh,3
nabob,3
naiad,3
naive,3
nasal,3
nasty,3
natty,3
naval,3
needs,3
nerdy,3
nerve,3
never,3
newel,3
newsy,3
niche,3
nimbi,3
noble,3
noisy,3
nomad,3
north,3
notch,3
noted,3
nymph,3
octet,3
olden,3
onset,3
opera,3
optic,3
organ,3
other,3
outre,3
overt,3
ovoid,3
pager,3
paint,3
panic,3
pansy,3
party,3
passe,3
patio,3
pecan,3
peeve,3
penis,3
peril,3
petal,3
phase,3
phial,3
phone,3
phyla,3
piano,3
piece,3
piety,3
pilaf,3
piles,3
pinto,3
pious,3
pivot,3
pizza,3
plaid,3
plate,3
plead,3
plumb,3
poise,3
poser,3
posit,3
price,3
prick,3
probe,3
prong,3
prune,3
psalm,3
psych,3
pulse,3
purge,3
pygmy,3
quail,3
queue,3
quick,3
quire,3
quite,3
quits,3
quoit,3
quote,3
quoth,3
rabbi,3
rabid,3
radar,3
radii,3
rainy,3
rally,3
ranch,3
range,3
raspy,3
ratio,3
ravel,3
rayon,3
reach,3
realm,3
recap,3
redid,3
refit,3
regal,3
relax,3
renew,3
reset,3
resin,3
revue,3
rhino,3
rhyme,3
rider,3
ridge,3
right,3
rigid,3
rigor,3
risen,3
riser,3
risky,3
riven,3
roach,3
roast,3
rodeo,3
roost,3
rosin,3
rouge,3
rough,3
round,3
rouse,3
route,3
royal,3
ruble,3
ruddy,3
rumor,3
runny,3
rusty,3
saber,3
sable,3
salon,3
salsa,3
salty,3
sandy,3
sassy,3
satin,3
satyr,3
sauce,3
sauna,3
saute,3
scald,3
scale,3
scamp,3
scant,3
scene,3
scent,3
scion,3
scone,3
scoot,3
scope,3
score,3
scorn,3
scour,3
scowl,3
scram,3
scrap,3
screw,3
scrod,3
scrub,3
scuba,3
scull,3
scurf,3
seamy,3
sedan,3
sedge,3
seedy,3
semen,3
sense,3
sepal,3
serge,3
setup,3
sever,3
shaft,3
shalt,3
shank,3
shape,3
shard,3
share,3
sharp,3
sheep,3
sheet,3
sheik,3
shelf,3
shell,3
shift,3
shill,3
shine,3
shiny,3
shirt,3
short,3
shown,3
showy,3
shred,3
shunt,3
shush,3
sibyl,3
sidle,3
sieve,3
sight,3
silky,3
sinew,3
singe,3
sinus,3
siren,3
sisal,3
sissy,3
sixth,3
skate,3
skein,3
skiff,3
skirt,3
slack,3
slake,3
slang,3
sleek,3
sleet,3
slept,3
slick,3
slime,3
slink,3
slung,3
slurp,3
slush,3
smart,3
smash,3
smear,3
smirk,3
smote,3
snack,3
snail,3
sneak,3
sneer,3
snide,3
snoot,3
snowy,3
snuff,3
sober,3
softy,3
solar,3
solid,3
solve,3
sonic,3
sonny,3
sooty,3
soppy,3
sorry,3
sound,3
south,3
spark,3
spasm,3
speck,3
sperm,3
spice,3
spiel,3
spine,3
spire,3
splat,3
splay,3
spoil,3
spoor,3
spore,3
spray,3
sprig,3
spurn,3
spurt,3
squat,3
stage,3
staid,3
stain,3
stair,3
stale,3
stalk,3
stamp,3
stand,3
stead,3
steed,3
stick,3
still,3
sting,3
stoic,3
stoke,3
stoop,3
stork,3
strap,3
straw,3
strip,3
strop,3
strum,3
strut,3
stuck,3
study,3
stung,3
style,3
styli,3
sudsy,3
sulky,3
sunny,3
surge,3
swami,3
sweat,3
swipe,3
swirl,3
swish,3
sylph,3
synod,3
syrup,3
taken,3
tango,3
tangy,3
taupe,3
teens,3
teeny,3
teeth,3
terry,3
terse,3
thank,3
their,3
thief,3
thigh,3
thine,3
third,3
thorn,3
threw,3
throb,3
thumb,3
tidal,3
tight,3
tilde,3
timid,3
tinny,3
tonal,3
tongs,3
topic,3
torso,3
towel,3
tower,3
toxin,3
trace,3
track,3
trade,3
trail,3
treat,3
trend,3
tress,3
trial,3
tribe,3
trick,3
troll,3
trout,3
truck,3
truly,3
truss,3
trust,3
tuber,3
tuner,3
tunic,3
twain,3
tweak,3
twine,3
twirl,3
twist,3
under,3
undid,3
unfit,3
unify,3
untie,3
upend,3
urban,3
usage,3
usher,3
usurp,3
usury,3
vapid,3
vibes,3
video,3
viper,3
virus,3
visit,3
vista,3
waist,3
water,3
weigh,3
weird,3
welsh,3
whale,3
wheel,3
whelk,3
while,3
whirl,3
whist,3
white,3
whoop,3
wordy,3
worst,3
wrack,3
wreck,3
wrest,3
write,3
wrung,3
yours,3
yucky,3
zebra,3
abase,2
abash,2
abort,2
acrid,2
adieu,2
adios,2
adore,2
aegis,2
aerie,2
afire,2
agent,2
aisle,2
alder,2
algae,2
align,2
alike,2
aloft,2
amiss,2
anise,2
arbor,2
arena,2
argue,2
arose,2
arson,2
ascot,2
ashen,2
aside,2
aspic,2
aster,2
astir,2
audit,2
baize,2
barge,2
beast,2
bidet,2
brash,2
brisk,2
burst,2
canto,2
carol,2
chess,2
cling,2
craps,2
crate,2
creed,2
crest,2
crust,2
curie,2
dairy,2
daisy,2
decal,2
deism,2
douse,2
dregs,2
drier,2
elude,2
erase,2
faint,2
feint,2
first,2
flirt,2
gable,2
grant,2
grits,2
harsh,2
hives,2
hoist,2
horny,2
hotel,2
ideal,2
image,2
irate,2
lapse,2
miser,2
moire,2
mulch,2
nadir,2
noise,2
orbit,2
osier,2
parse,2
pearl,2
plait,2
print,2
prose,2
prude,2
quasi,2
raise,2
reign,2
reuse,2
rinse,2
rivet,2
robin,2
rogue,2
saint,2
scare,2
scrip,2
sepia,2
shear,2
sheer,2
shied,2
shire,2
shirk,2
siege,2
sitar,2
slain,2
slant,2
slash,2
slate,2
slosh,2
snipe,2
split,2
sport,2
sprat,2
spree,2
steal,2
steel,2
stink,2
stone,2
stony,2
tenor,2
tinge,2
tipsy,2
tonic,2
train,2
tread,2
triad,2
tripe,2
trunk,2
twice,2
arise,1
